x,y,zone
-0.024454270415289303,-0.15904829165048384,A
-0.005564903789150645,-0.15904829165048384,A
-0.015009587102219975,-0.1496036083374145,A
-0.024454270415289303,-0.14015892502434518,A
-0.015009587102219975,-0.16849297496355317,B
-0.005564903789150645,-0.16849297496355317,B
0.0038797795239186843,-0.16849297496355317,B
-0.03389895372835863,-0.15904829165048384,B
0.0038797795239186843,-0.15904829165048384,B
0.013324462836988014,-0.15904829165048384,B
0.069992562715404,-0.1496036083374145,B
-0.015009587102219975,-0.14015892502434518,B
0.07943724602847332,-0.14015892502434518,B
0.08888192934154265,-0.14015892502434518,B
-0.04334363704142796,-0.13071424171127585,B
-0.03389895372835863,-0.13071424171127585,B
-0.024454270415289303,-0.13071424171127585,B
0.09832661265461198,-0.13071424171127585,B
0.09832661265461198,-0.12126955839820651,B
0.10777129596768131,-0.12126955839820651,B
0.069992562715404,-0.007933358641374554,B
0.07943724602847332,-0.007933358641374554,B
0.032213829463126675,0.0015113246716947758,B
0.041658512776196005,0.0015113246716947758,B
0.051103196089265335,0.0015113246716947758,B
0.060547879402334664,0.0015113246716947758,B
0.069992562715404,0.0015113246716947758,B
0.022769146150057346,0.010956007984764106,B
0.051103196089265335,0.010956007984764106,B
0.060547879402334664,0.010956007984764106,B
-0.024454270415289303,-0.16849297496355317,C
0.013324462836988014,-0.16849297496355317,C
0.022769146150057346,-0.16849297496355317,C
0.022769146150057346,-0.15904829165048384,C
0.032213829463126675,-0.15904829165048384,C
0.051103196089265335,-0.15904829165048384,C
0.060547879402334664,-0.15904829165048384,C
0.013324462836988014,-0.1496036083374145,C
0.051103196089265335,-0.1496036083374145,C
0.060547879402334664,-0.1496036083374145,C
-0.05278832035449729,-0.14015892502434518,C
-0.05278832035449729,-0.13071424171127585,C
0.10777129596768131,-0.13071424171127585,C
0.10777129596768131,-0.10238019177206785,C
0.11721597928075064,-0.10238019177206785,C
0.11721597928075064,-0.06460145851979053,C
0.10777129596768131,-0.0551567752067212,C
0.11721597928075064,-0.0551567752067212,C
0.09832661265461198,-0.03626740858058254,C
0.08888192934154265,-0.02682272526751321,C
0.07943724602847332,-0.017378041954443882,C
0.08888192934154265,-0.017378041954443882,C
0.08888192934154265,-0.007933358641374554,C
0.013324462836988014,0.010956007984764106,C
0.032213829463126675,0.020400691297833437,C
0.041658512776196005,0.020400691297833437,C
-0.015009587102219975,-0.1779376582766225,D
0.022769146150057346,-0.1779376582766225,D
0.032213829463126675,-0.16849297496355317,D
0.041658512776196005,-0.16849297496355317,D
0.051103196089265335,-0.16849297496355317,D
0.069992562715404,-0.16849297496355317,D
-0.04334363704142796,-0.15904829165048384,D
0.07943724602847332,-0.15904829165048384,D
0.022769146150057346,-0.1496036083374145,D
0.0038797795239186843,-0.14015892502434518,D
0.032213829463126675,-0.14015892502434518,D
0.060547879402334664,-0.14015892502434518,D
0.10777129596768131,-0.14015892502434518,D
-0.06223300366756662,-0.13071424171127585,D
-0.005564903789150645,-0.13071424171127585,D
0.013324462836988014,-0.13071424171127585,D
0.032213829463126675,-0.13071424171127585,D
0.041658512776196005,-0.13071424171127585,D
0.051103196089265335,-0.13071424171127585,D
0.060547879402334664,-0.13071424171127585,D
0.11721597928075064,-0.13071424171127585,D
-0.06223300366756662,-0.12126955839820651,D
-0.015009587102219975,-0.12126955839820651,D
-0.005564903789150645,-0.12126955839820651,D
0.07943724602847332,-0.12126955839820651,D
0.08888192934154265,-0.12126955839820651,D
-0.03389895372835863,-0.11182487508513718,D
-0.024454270415289303,-0.11182487508513718,D
0.08888192934154265,-0.11182487508513718,D
-0.06223300366756662,-0.10238019177206785,D
-0.05278832035449729,-0.10238019177206785,D
-0.04334363704142796,-0.10238019177206785,D
0.09832661265461198,-0.10238019177206785,D
-0.05278832035449729,-0.09293550845899852,D
0.10777129596768131,-0.09293550845899852,D
0.12666066259381997,-0.09293550845899852,D
0.09832661265461198,-0.08349082514592919,D
0.10777129596768131,-0.08349082514592919,D
0.11721597928075064,-0.08349082514592919,D
0.12666066259381997,-0.08349082514592919,D
0.09832661265461198,-0.07404614183285986,D
0.11721597928075064,-0.07404614183285986,D
0.12666066259381997,-0.07404614183285986,D
0.10777129596768131,-0.06460145851979053,D
-0.06223300366756662,-0.0551567752067212,D
-0.05278832035449729,-0.0551567752067212,D
-0.04334363704142796,-0.0551567752067212,D
0.12666066259381997,-0.0551567752067212,D
-0.04334363704142796,-0.04571209189365187,D
0.08888192934154265,-0.04571209189365187,D
0.09832661265461198,-0.04571209189365187,D
-0.06223300366756662,-0.03626740858058254,D
-0.04334363704142796,-0.03626740858058254,D
-0.03389895372835863,-0.03626740858058254,D
0.11721597928075064,-0.03626740858058254,D
-0.03389895372835863,-0.02682272526751321,D
-0.024454270415289303,-0.02682272526751321,D
0.069992562715404,-0.02682272526751321,D
0.07943724602847332,-0.02682272526751321,D
0.10777129596768131,-0.02682272526751321,D
0.051103196089265335,-0.017378041954443882,D
0.060547879402334664,-0.017378041954443882,D
-0.03389895372835863,-0.007933358641374554,D
-0.024454270415289303,-0.007933358641374554,D
-0.015009587102219975,-0.007933358641374554,D
-0.005564903789150645,-0.007933358641374554,D
0.013324462836988014,-0.007933358641374554,D
0.022769146150057346,-0.007933358641374554,D
0.032213829463126675,-0.007933358641374554,D
-0.015009587102219975,0.0015113246716947758,D
-0.005564903789150645,0.0015113246716947758,D
0.0038797795239186843,0.0015113246716947758,D
0.013324462836988014,0.0015113246716947758,D
0.08888192934154265,0.0015113246716947758,D
0.0038797795239186843,0.010956007984764106,D
0.022769146150057346,0.020400691297833437,D
-0.005564903789150645,-0.18738234158969183,E
0.013324462836988014,-0.18738234158969183,E
0.032213829463126675,-0.18738234158969183,E
0.041658512776196005,-0.18738234158969183,E
-0.03389895372835863,-0.1779376582766225,E
0.060547879402334664,-0.1779376582766225,E
-0.04334363704142796,-0.16849297496355317,E
0.07943724602847332,-0.16849297496355317,E
0.09832661265461198,-0.15904829165048384,E
0.10777129596768131,-0.1496036083374145,E
0.11721597928075064,-0.1496036083374145,E
-0.07167768698063595,-0.13071424171127585,E
0.12666066259381997,-0.13071424171127585,E
-0.07167768698063595,-0.12126955839820651,E
0.013324462836988014,-0.12126955839820651,E
0.032213829463126675,-0.12126955839820651,E
0.051103196089265335,-0.12126955839820651,E
0.060547879402334664,-0.12126955839820651,E
0.069992562715404,-0.12126955839820651,E
0.12666066259381997,-0.12126955839820651,E
-0.07167768698063595,-0.11182487508513718,E
-0.015009587102219975,-0.11182487508513718,E
-0.005564903789150645,-0.11182487508513718,E
0.0038797795239186843,-0.11182487508513718,E
0.022769146150057346,-0.11182487508513718,E
0.032213829463126675,-0.11182487508513718,E
0.041658512776196005,-0.11182487508513718,E
0.051103196089265335,-0.11182487508513718,E
0.069992562715404,-0.11182487508513718,E
-0.07167768698063595,-0.10238019177206785,E
-0.024454270415289303,-0.10238019177206785,E
-0.015009587102219975,-0.10238019177206785,E
-0.005564903789150645,-0.10238019177206785,E
0.0038797795239186843,-0.10238019177206785,E
0.013324462836988014,-0.10238019177206785,E
0.041658512776196005,-0.10238019177206785,E
0.060547879402334664,-0.10238019177206785,E
0.069992562715404,-0.10238019177206785,E
0.07943724602847332,-0.10238019177206785,E
-0.07167768698063595,-0.09293550845899852,E
-0.04334363704142796,-0.09293550845899852,E
-0.024454270415289303,-0.09293550845899852,E
-0.015009587102219975,-0.09293550845899852,E
0.013324462836988014,-0.09293550845899852,E
0.032213829463126675,-0.09293550845899852,E
0.07943724602847332,-0.09293550845899852,E
0.08888192934154265,-0.09293550845899852,E
-0.07167768698063595,-0.08349082514592919,E
-0.05278832035449729,-0.08349082514592919,E
-0.015009587102219975,-0.08349082514592919,E
-0.005564903789150645,-0.08349082514592919,E
0.0038797795239186843,-0.08349082514592919,E
0.013324462836988014,-0.08349082514592919,E
0.022769146150057346,-0.08349082514592919,E
0.08888192934154265,-0.08349082514592919,E
-0.08112237029370528,-0.07404614183285986,E
-0.06223300366756662,-0.07404614183285986,E
-0.05278832035449729,-0.07404614183285986,E
-0.04334363704142796,-0.07404614183285986,E
-0.03389895372835863,-0.07404614183285986,E
-0.005564903789150645,-0.07404614183285986,E
0.0038797795239186843,-0.07404614183285986,E
0.013324462836988014,-0.07404614183285986,E
0.022769146150057346,-0.07404614183285986,E
0.07943724602847332,-0.07404614183285986,E
0.08888192934154265,-0.07404614183285986,E
-0.07167768698063595,-0.06460145851979053,E
-0.06223300366756662,-0.06460145851979053,E
-0.03389895372835863,-0.06460145851979053,E
-0.024454270415289303,-0.06460145851979053,E
0.0038797795239186843,-0.06460145851979053,E
0.013324462836988014,-0.06460145851979053,E
0.07943724602847332,-0.06460145851979053,E
0.1361053459068893,-0.06460145851979053,E
-0.03389895372835863,-0.0551567752067212,E
-0.005564903789150645,-0.0551567752067212,E
0.0038797795239186843,-0.0551567752067212,E
0.013324462836988014,-0.0551567752067212,E
0.069992562715404,-0.0551567752067212,E
0.07943724602847332,-0.0551567752067212,E
0.08888192934154265,-0.0551567752067212,E
-0.08112237029370528,-0.04571209189365187,E
-0.07167768698063595,-0.04571209189365187,E
-0.024454270415289303,-0.04571209189365187,E
-0.015009587102219975,-0.04571209189365187,E
0.0038797795239186843,-0.04571209189365187,E
0.013324462836988014,-0.04571209189365187,E
0.032213829463126675,-0.04571209189365187,E
0.041658512776196005,-0.04571209189365187,E
0.051103196089265335,-0.04571209189365187,E
0.060547879402334664,-0.04571209189365187,E
0.069992562715404,-0.04571209189365187,E
0.07943724602847332,-0.04571209189365187,E
0.1361053459068893,-0.04571209189365187,E
-0.07167768698063595,-0.03626740858058254,E
-0.024454270415289303,-0.03626740858058254,E
0.013324462836988014,-0.03626740858058254,E
0.022769146150057346,-0.03626740858058254,E
0.032213829463126675,-0.03626740858058254,E
0.069992562715404,-0.03626740858058254,E
-0.07167768698063595,-0.02682272526751321,E
-0.015009587102219975,-0.02682272526751321,E
-0.005564903789150645,-0.02682272526751321,E
0.013324462836988014,-0.02682272526751321,E
0.022769146150057346,-0.02682272526751321,E
0.032213829463126675,-0.02682272526751321,E
0.041658512776196005,-0.02682272526751321,E
0.051103196089265335,-0.02682272526751321,E
0.060547879402334664,-0.02682272526751321,E
-0.05278832035449729,-0.017378041954443882,E
-0.015009587102219975,-0.017378041954443882,E
-0.005564903789150645,-0.017378041954443882,E
0.0038797795239186843,-0.017378041954443882,E
0.022769146150057346,-0.017378041954443882,E
0.032213829463126675,-0.017378041954443882,E
0.11721597928075064,-0.017378041954443882,E
-0.06223300366756662,-0.007933358641374554,E
-0.04334363704142796,-0.007933358641374554,E
-0.04334363704142796,0.0015113246716947758,E
-0.024454270415289303,0.0015113246716947758,E
-0.024454270415289303,0.010956007984764106,E
-0.015009587102219975,0.010956007984764106,E
0.08888192934154265,0.010956007984764106,E
-0.005564903789150645,0.020400691297833437,E
0.069992562715404,0.020400691297833437,E
0.0038797795239186843,0.029845374610902767,E
0.013324462836988014,0.029845374610902767,E
0.041658512776196005,0.029845374610902767,E
-0.10945642023291327,-0.2062717082158305,F
-0.10001173691984394,-0.2062717082158305,F
-0.09056705360677461,-0.2062717082158305,F
-0.08112237029370528,-0.2062717082158305,F
-0.07167768698063595,-0.2062717082158305,F
-0.06223300366756662,-0.2062717082158305,F
-0.05278832035449729,-0.2062717082158305,F
-0.04334363704142796,-0.2062717082158305,F
-0.03389895372835863,-0.2062717082158305,F
-0.024454270415289303,-0.2062717082158305,F
-0.015009587102219975,-0.2062717082158305,F
-0.005564903789150645,-0.2062717082158305,F
0.0038797795239186843,-0.2062717082158305,F
0.013324462836988014,-0.2062717082158305,F
0.022769146150057346,-0.2062717082158305,F
0.032213829463126675,-0.2062717082158305,F
0.041658512776196005,-0.2062717082158305,F
0.051103196089265335,-0.2062717082158305,F
0.060547879402334664,-0.2062717082158305,F
0.069992562715404,-0.2062717082158305,F
0.07943724602847332,-0.2062717082158305,F
0.08888192934154265,-0.2062717082158305,F
0.09832661265461198,-0.2062717082158305,F
0.10777129596768131,-0.2062717082158305,F
0.11721597928075064,-0.2062717082158305,F
0.12666066259381997,-0.2062717082158305,F
0.1361053459068893,-0.2062717082158305,F
0.1455500292199586,-0.2062717082158305,F
0.15499471253302796,-0.2062717082158305,F
0.16443939584609732,-0.2062717082158305,F
-0.10945642023291327,-0.19682702490276116,F
-0.10001173691984394,-0.19682702490276116,F
-0.09056705360677461,-0.19682702490276116,F
-0.08112237029370528,-0.19682702490276116,F
-0.07167768698063595,-0.19682702490276116,F
-0.06223300366756662,-0.19682702490276116,F
-0.05278832035449729,-0.19682702490276116,F
-0.04334363704142796,-0.19682702490276116,F
-0.03389895372835863,-0.19682702490276116,F
-0.024454270415289303,-0.19682702490276116,F
0.022769146150057346,-0.19682702490276116,F
0.032213829463126675,-0.19682702490276116,F
0.060547879402334664,-0.19682702490276116,F
0.069992562715404,-0.19682702490276116,F
0.07943724602847332,-0.19682702490276116,F
0.08888192934154265,-0.19682702490276116,F
0.09832661265461198,-0.19682702490276116,F
0.10777129596768131,-0.19682702490276116,F
0.11721597928075064,-0.19682702490276116,F
0.12666066259381997,-0.19682702490276116,F
0.1361053459068893,-0.19682702490276116,F
0.1455500292199586,-0.19682702490276116,F
0.15499471253302796,-0.19682702490276116,F
0.16443939584609732,-0.19682702490276116,F
-0.10945642023291327,-0.18738234158969183,F
-0.10001173691984394,-0.18738234158969183,F
-0.09056705360677461,-0.18738234158969183,F
-0.08112237029370528,-0.18738234158969183,F
-0.07167768698063595,-0.18738234158969183,F
-0.06223300366756662,-0.18738234158969183,F
-0.05278832035449729,-0.18738234158969183,F
-0.04334363704142796,-0.18738234158969183,F
0.069992562715404,-0.18738234158969183,F
0.08888192934154265,-0.18738234158969183,F
0.09832661265461198,-0.18738234158969183,F
0.10777129596768131,-0.18738234158969183,F
0.11721597928075064,-0.18738234158969183,F
0.12666066259381997,-0.18738234158969183,F
0.1361053459068893,-0.18738234158969183,F
0.1455500292199586,-0.18738234158969183,F
0.15499471253302796,-0.18738234158969183,F
0.16443939584609732,-0.18738234158969183,F
-0.10945642023291327,-0.1779376582766225,F
-0.10001173691984394,-0.1779376582766225,F
-0.09056705360677461,-0.1779376582766225,F
-0.08112237029370528,-0.1779376582766225,F
-0.07167768698063595,-0.1779376582766225,F
-0.06223300366756662,-0.1779376582766225,F
0.09832661265461198,-0.1779376582766225,F
0.10777129596768131,-0.1779376582766225,F
0.11721597928075064,-0.1779376582766225,F
0.12666066259381997,-0.1779376582766225,F
0.1361053459068893,-0.1779376582766225,F
0.1455500292199586,-0.1779376582766225,F
0.15499471253302796,-0.1779376582766225,F
0.16443939584609732,-0.1779376582766225,F
-0.10945642023291327,-0.16849297496355317,F
-0.10001173691984394,-0.16849297496355317,F
-0.09056705360677461,-0.16849297496355317,F
-0.08112237029370528,-0.16849297496355317,F
-0.07167768698063595,-0.16849297496355317,F
-0.06223300366756662,-0.16849297496355317,F
0.09832661265461198,-0.16849297496355317,F
0.11721597928075064,-0.16849297496355317,F
0.12666066259381997,-0.16849297496355317,F
0.1361053459068893,-0.16849297496355317,F
0.1455500292199586,-0.16849297496355317,F
0.15499471253302796,-0.16849297496355317,F
0.16443939584609732,-0.16849297496355317,F
-0.10945642023291327,-0.15904829165048384,F
-0.10001173691984394,-0.15904829165048384,F
-0.09056705360677461,-0.15904829165048384,F
-0.08112237029370528,-0.15904829165048384,F
-0.07167768698063595,-0.15904829165048384,F
-0.06223300366756662,-0.15904829165048384,F
0.11721597928075064,-0.15904829165048384,F
0.12666066259381997,-0.15904829165048384,F
0.1361053459068893,-0.15904829165048384,F
0.1455500292199586,-0.15904829165048384,F
0.15499471253302796,-0.15904829165048384,F
0.16443939584609732,-0.15904829165048384,F
-0.10945642023291327,-0.1496036083374145,F
-0.10001173691984394,-0.1496036083374145,F
-0.09056705360677461,-0.1496036083374145,F
-0.08112237029370528,-0.1496036083374145,F
-0.07167768698063595,-0.1496036083374145,F
0.12666066259381997,-0.1496036083374145,F
0.1361053459068893,-0.1496036083374145,F
0.1455500292199586,-0.1496036083374145,F
0.15499471253302796,-0.1496036083374145,F
0.16443939584609732,-0.1496036083374145,F
-0.10945642023291327,-0.14015892502434518,F
-0.10001173691984394,-0.14015892502434518,F
-0.09056705360677461,-0.14015892502434518,F
-0.08112237029370528,-0.14015892502434518,F
0.1361053459068893,-0.14015892502434518,F
0.1455500292199586,-0.14015892502434518,F
0.15499471253302796,-0.14015892502434518,F
0.16443939584609732,-0.14015892502434518,F
-0.10945642023291327,-0.13071424171127585,F
-0.10001173691984394,-0.13071424171127585,F
0.1455500292199586,-0.13071424171127585,F
0.15499471253302796,-0.13071424171127585,F
0.16443939584609732,-0.13071424171127585,F
-0.10945642023291327,-0.12126955839820651,F
-0.10001173691984394,-0.12126955839820651,F
-0.09056705360677461,-0.12126955839820651,F
0.1455500292199586,-0.12126955839820651,F
0.15499471253302796,-0.12126955839820651,F
0.16443939584609732,-0.12126955839820651,F
-0.10945642023291327,-0.11182487508513718,F
-0.09056705360677461,-0.11182487508513718,F
0.1455500292199586,-0.11182487508513718,F
0.15499471253302796,-0.11182487508513718,F
0.16443939584609732,-0.11182487508513718,F
-0.10945642023291327,-0.10238019177206785,F
-0.10001173691984394,-0.10238019177206785,F
0.15499471253302796,-0.10238019177206785,F
0.16443939584609732,-0.10238019177206785,F
-0.10945642023291327,-0.09293550845899852,F
-0.10001173691984394,-0.09293550845899852,F
0.051103196089265335,-0.09293550845899852,F
0.060547879402334664,-0.09293550845899852,F
0.1455500292199586,-0.09293550845899852,F
0.15499471253302796,-0.09293550845899852,F
0.16443939584609732,-0.09293550845899852,F
-0.10945642023291327,-0.08349082514592919,F
-0.10001173691984394,-0.08349082514592919,F
-0.09056705360677461,-0.08349082514592919,F
0.032213829463126675,-0.08349082514592919,F
0.041658512776196005,-0.08349082514592919,F
0.051103196089265335,-0.08349082514592919,F
0.060547879402334664,-0.08349082514592919,F
0.069992562715404,-0.08349082514592919,F
0.1455500292199586,-0.08349082514592919,F
0.15499471253302796,-0.08349082514592919,F
0.16443939584609732,-0.08349082514592919,F
-0.10945642023291327,-0.07404614183285986,F
-0.10001173691984394,-0.07404614183285986,F
-0.09056705360677461,-0.07404614183285986,F
0.041658512776196005,-0.07404614183285986,F
0.051103196089265335,-0.07404614183285986,F
0.15499471253302796,-0.07404614183285986,F
0.16443939584609732,-0.07404614183285986,F
-0.10945642023291327,-0.06460145851979053,F
0.032213829463126675,-0.06460145851979053,F
0.041658512776196005,-0.06460145851979053,F
0.060547879402334664,-0.06460145851979053,F
0.15499471253302796,-0.06460145851979053,F
0.16443939584609732,-0.06460145851979053,F
-0.10945642023291327,-0.0551567752067212,F
-0.10001173691984394,-0.0551567752067212,F
0.041658512776196005,-0.0551567752067212,F
0.051103196089265335,-0.0551567752067212,F
0.060547879402334664,-0.0551567752067212,F
0.1455500292199586,-0.0551567752067212,F
0.15499471253302796,-0.0551567752067212,F
0.16443939584609732,-0.0551567752067212,F
-0.10945642023291327,-0.04571209189365187,F
-0.10001173691984394,-0.04571209189365187,F
0.15499471253302796,-0.04571209189365187,F
0.16443939584609732,-0.04571209189365187,F
-0.10945642023291327,-0.03626740858058254,F
-0.10001173691984394,-0.03626740858058254,F
-0.09056705360677461,-0.03626740858058254,F
-0.08112237029370528,-0.03626740858058254,F
0.1361053459068893,-0.03626740858058254,F
0.1455500292199586,-0.03626740858058254,F
0.15499471253302796,-0.03626740858058254,F
0.16443939584609732,-0.03626740858058254,F
-0.10945642023291327,-0.02682272526751321,F
-0.10001173691984394,-0.02682272526751321,F
0.1361053459068893,-0.02682272526751321,F
0.1455500292199586,-0.02682272526751321,F
0.15499471253302796,-0.02682272526751321,F
0.16443939584609732,-0.02682272526751321,F
-0.10945642023291327,-0.017378041954443882,F
-0.10001173691984394,-0.017378041954443882,F
-0.09056705360677461,-0.017378041954443882,F
-0.08112237029370528,-0.017378041954443882,F
0.1361053459068893,-0.017378041954443882,F
0.1455500292199586,-0.017378041954443882,F
0.15499471253302796,-0.017378041954443882,F
0.16443939584609732,-0.017378041954443882,F
-0.10945642023291327,-0.007933358641374554,F
-0.10001173691984394,-0.007933358641374554,F
-0.09056705360677461,-0.007933358641374554,F
-0.08112237029370528,-0.007933358641374554,F
0.12666066259381997,-0.007933358641374554,F
0.1361053459068893,-0.007933358641374554,F
0.1455500292199586,-0.007933358641374554,F
0.15499471253302796,-0.007933358641374554,F
0.16443939584609732,-0.007933358641374554,F
-0.10945642023291327,0.0015113246716947758,F
-0.10001173691984394,0.0015113246716947758,F
-0.09056705360677461,0.0015113246716947758,F
-0.08112237029370528,0.0015113246716947758,F
-0.07167768698063595,0.0015113246716947758,F
-0.06223300366756662,0.0015113246716947758,F
0.11721597928075064,0.0015113246716947758,F
0.12666066259381997,0.0015113246716947758,F
0.1361053459068893,0.0015113246716947758,F
0.1455500292199586,0.0015113246716947758,F
0.15499471253302796,0.0015113246716947758,F
0.16443939584609732,0.0015113246716947758,F
-0.10945642023291327,0.010956007984764106,F
-0.10001173691984394,0.010956007984764106,F
-0.09056705360677461,0.010956007984764106,F
-0.08112237029370528,0.010956007984764106,F
-0.07167768698063595,0.010956007984764106,F
0.10777129596768131,0.010956007984764106,F
0.11721597928075064,0.010956007984764106,F
0.12666066259381997,0.010956007984764106,F
0.1361053459068893,0.010956007984764106,F
0.1455500292199586,0.010956007984764106,F
0.15499471253302796,0.010956007984764106,F
0.16443939584609732,0.010956007984764106,F
-0.10945642023291327,0.020400691297833437,F
-0.10001173691984394,0.020400691297833437,F
-0.09056705360677461,0.020400691297833437,F
-0.08112237029370528,0.020400691297833437,F
-0.07167768698063595,0.020400691297833437,F
-0.06223300366756662,0.020400691297833437,F
-0.05278832035449729,0.020400691297833437,F
-0.04334363704142796,0.020400691297833437,F
-0.03389895372835863,0.020400691297833437,F
0.08888192934154265,0.020400691297833437,F
0.10777129596768131,0.020400691297833437,F
0.11721597928075064,0.020400691297833437,F
0.12666066259381997,0.020400691297833437,F
0.1361053459068893,0.020400691297833437,F
0.1455500292199586,0.020400691297833437,F
0.15499471253302796,0.020400691297833437,F
0.16443939584609732,0.020400691297833437,F
-0.10945642023291327,0.029845374610902767,F
-0.10001173691984394,0.029845374610902767,F
-0.09056705360677461,0.029845374610902767,F
-0.08112237029370528,0.029845374610902767,F
-0.07167768698063595,0.029845374610902767,F
-0.06223300366756662,0.029845374610902767,F
-0.05278832035449729,0.029845374610902767,F
-0.04334363704142796,0.029845374610902767,F
-0.03389895372835863,0.029845374610902767,F
-0.024454270415289303,0.029845374610902767,F
-0.015009587102219975,0.029845374610902767,F
0.07943724602847332,0.029845374610902767,F
0.08888192934154265,0.029845374610902767,F
0.09832661265461198,0.029845374610902767,F
0.10777129596768131,0.029845374610902767,F
0.11721597928075064,0.029845374610902767,F
0.12666066259381997,0.029845374610902767,F
0.1361053459068893,0.029845374610902767,F
0.1455500292199586,0.029845374610902767,F
0.15499471253302796,0.029845374610902767,F
0.16443939584609732,0.029845374610902767,F
-0.10945642023291327,0.039290057923972097,F
-0.10001173691984394,0.039290057923972097,F
-0.09056705360677461,0.039290057923972097,F
-0.08112237029370528,0.039290057923972097,F
-0.07167768698063595,0.039290057923972097,F
-0.06223300366756662,0.039290057923972097,F
-0.05278832035449729,0.039290057923972097,F
-0.04334363704142796,0.039290057923972097,F
-0.024454270415289303,0.039290057923972097,F
-0.005564903789150645,0.039290057923972097,F
0.0038797795239186843,0.039290057923972097,F
0.051103196089265335,0.039290057923972097,F
0.060547879402334664,0.039290057923972097,F
0.069992562715404,0.039290057923972097,F
0.07943724602847332,0.039290057923972097,F
0.08888192934154265,0.039290057923972097,F
0.09832661265461198,0.039290057923972097,F
0.10777129596768131,0.039290057923972097,F
0.11721597928075064,0.039290057923972097,F
0.12666066259381997,0.039290057923972097,F
0.1361053459068893,0.039290057923972097,F
0.1455500292199586,0.039290057923972097,F
0.15499471253302796,0.039290057923972097,F
0.16443939584609732,0.039290057923972097,F
-0.10945642023291327,0.0487347412370414,F
-0.10001173691984394,0.0487347412370414,F
-0.09056705360677461,0.0487347412370414,F
-0.08112237029370528,0.0487347412370414,F
-0.07167768698063595,0.0487347412370414,F
-0.06223300366756662,0.0487347412370414,F
-0.05278832035449729,0.0487347412370414,F
-0.04334363704142796,0.0487347412370414,F
-0.03389895372835863,0.0487347412370414,F
-0.024454270415289303,0.0487347412370414,F
-0.015009587102219975,0.0487347412370414,F
-0.005564903789150645,0.0487347412370414,F
0.0038797795239186843,0.0487347412370414,F
0.013324462836988014,0.0487347412370414,F
0.032213829463126675,0.0487347412370414,F
0.041658512776196005,0.0487347412370414,F
0.051103196089265335,0.0487347412370414,F
0.060547879402334664,0.0487347412370414,F
0.069992562715404,0.0487347412370414,F
0.07943724602847332,0.0487347412370414,F
0.08888192934154265,0.0487347412370414,F
0.09832661265461198,0.0487347412370414,F
0.10777129596768131,0.0487347412370414,F
0.11721597928075064,0.0487347412370414,F
0.12666066259381997,0.0487347412370414,F
0.1361053459068893,0.0487347412370414,F
0.1455500292199586,0.0487347412370414,F
0.15499471253302796,0.0487347412370414,F
0.16443939584609732,0.0487347412370414,F
-0.10945642023291327,0.058179424550110756,F
-0.10001173691984394,0.058179424550110756,F
-0.09056705360677461,0.058179424550110756,F
-0.08112237029370528,0.058179424550110756,F
-0.07167768698063595,0.058179424550110756,F
-0.06223300366756662,0.058179424550110756,F
-0.05278832035449729,0.058179424550110756,F
-0.04334363704142796,0.058179424550110756,F
-0.03389895372835863,0.058179424550110756,F
-0.024454270415289303,0.058179424550110756,F
-0.015009587102219975,0.058179424550110756,F
0.0038797795239186843,0.058179424550110756,F
0.013324462836988014,0.058179424550110756,F
0.022769146150057346,0.058179424550110756,F
0.032213829463126675,0.058179424550110756,F
0.041658512776196005,0.058179424550110756,F
0.051103196089265335,0.058179424550110756,F
0.060547879402334664,0.058179424550110756,F
0.069992562715404,0.058179424550110756,F
0.07943724602847332,0.058179424550110756,F
0.08888192934154265,0.058179424550110756,F
0.09832661265461198,0.058179424550110756,F
0.10777129596768131,0.058179424550110756,F
0.11721597928075064,0.058179424550110756,F
0.12666066259381997,0.058179424550110756,F
0.1361053459068893,0.058179424550110756,F
0.1455500292199586,0.058179424550110756,F
0.15499471253302796,0.058179424550110756,F
0.16443939584609732,0.058179424550110756,F
-0.10945642023291327,0.06762410786318011,F
-0.10001173691984394,0.06762410786318011,F
-0.09056705360677461,0.06762410786318011,F
-0.08112237029370528,0.06762410786318011,F
-0.07167768698063595,0.06762410786318011,F
-0.06223300366756662,0.06762410786318011,F
-0.05278832035449729,0.06762410786318011,F
-0.04334363704142796,0.06762410786318011,F
-0.03389895372835863,0.06762410786318011,F
-0.024454270415289303,0.06762410786318011,F
-0.015009587102219975,0.06762410786318011,F
-0.005564903789150645,0.06762410786318011,F
0.0038797795239186843,0.06762410786318011,F
0.013324462836988014,0.06762410786318011,F
0.022769146150057346,0.06762410786318011,F
0.032213829463126675,0.06762410786318011,F
0.041658512776196005,0.06762410786318011,F
0.051103196089265335,0.06762410786318011,F
0.060547879402334664,0.06762410786318011,F
0.069992562715404,0.06762410786318011,F
0.07943724602847332,0.06762410786318011,F
0.08888192934154265,0.06762410786318011,F
0.09832661265461198,0.06762410786318011,F
0.10777129596768131,0.06762410786318011,F
0.11721597928075064,0.06762410786318011,F
0.12666066259381997,0.06762410786318011,F
0.1361053459068893,0.06762410786318011,F
0.1455500292199586,0.06762410786318011,F
0.15499471253302796,0.06762410786318011,F
0.16443939584609732,0.06762410786318011,F
