X,Y
0.0036147922385234466,0.3102288399410018
-0.06723623597567026,0.3655467467244188
-0.07983207955456843,0.20365930330498275
0.03679675478694062,0.3723755704316935
-0.10618231408744952,0.3808164556316152
-0.12904882103205417,0.36868479827275186
-0.1330062245769242,0.3312768644679668
-0.050078314593866885,0.3095193825333737
-0.07212160266184253,0.30093343571410003
-0.0063517382759825155,0.418858091214767
-0.13756559071369387,0.3150195771440774
0.05745343280321965,0.3092375873224126
0.047326086024242216,0.35553282924557017
-0.0936447788375313,0.25085989152739463
-0.13054865458635423,0.26221515441572896
0.06650356864857254,0.17721244949901066
0.13157878015840171,0.27831748716632376
0.05029756635790396,0.20820008941286897
0.12411589965426931,0.3344186011517906
-0.02007392074771867,0.38812433138566904
-0.11536675494227229,0.21871378419820775
-0.14285309517386147,0.24843387236159545
-0.08421700732450811,0.1907220242868979
-0.09867319414144347,0.28327636531180783
-0.14145618337035834,0.2822008976389352
-0.13518275282861664,0.29567239916268234
-0.04585060825242612,0.3633316213988211
0.0777657760102796,0.1767924246019798
-0.0742262251494073,0.3095789088350916
-0.031791633128676895,0.3695705697393703
-0.010387015991368109,0.4117201283866914
-0.03901275671844281,0.16557105371064496
0.07691349042625432,0.3249795141940842
0.0645500215182154,0.2082952767775834
0.09779671325061129,0.20844779427508597
-0.12994712138971282,0.2714984552980811
0.05752875477681263,0.18132417595819794
-0.06231903719309145,0.2981364425009765
0.014315052841140053,0.37134843941314094
-0.07818746585586331,0.2682662820539955
0.10072454514717927,0.24630894533921507
0.10928677366042647,0.3419317222508208
0.11047954791778421,0.3280180014965189
-0.10584517619666724,0.35940675106440884
-0.0601881204844075,0.3581027320889677
-0.1456347596836981,0.30933411751097756
0.06308505707967732,0.28619170746948763
0.06081271512435057,0.2269575803700123
0.030186116538139362,0.20561540730818367
0.0977275361111336,0.2662862508049836
-0.09644107814504203,0.20935698767320896
-0.11839155839229652,0.2486571170761917
-0.002886572094425783,0.1648821772084595
0.036244369215414,0.23197927647176086
-0.08059102354903075,0.38081352716662736
-0.00895643246976895,0.38534519646673
-0.1014889059209831,0.3334711608567374
-0.09455217627314019,0.22390056152220064
-0.04208153522644949,0.19306576015226243
-0.06113476146539423,0.25178292944845465
-0.09315773382811424,0.18450194233656556
-0.0016892601499014276,0.26899539779845805
-0.0354194295645392,0.3155544943866431
0.011382139370052839,0.25601048801635035
0.07513315059816172,0.3783891956063935
-0.004615939211084705,0.41726492984362534
-0.012595896923096574,0.23364586889419434
0.07031238760991797,0.3351779747465865
-0.053229562157429945,0.21576234744649478
0.05206172677751749,0.36564313676349663
-0.08243928152806143,0.29234809101068626
-0.08667312920183373,0.3359275251126335
-0.11001059145641692,0.3089797966839699
-0.07571921046260022,0.2860350642649768
-0.026155753371276142,0.3015059806384166
-0.09484090414025056,0.37362771507017306
-0.1074013042491783,0.3314088405092581
-0.09344875102422166,0.3652654745338015
-0.10389358610836799,0.22277035034165216
-0.13569648928617467,0.33737349637015057
0.08530385158282984,0.22562708183845268
-0.1020855156575724,0.2479528794266278
-0.11393461708361012,0.34097422040779674
-0.015104689519665822,0.2868129374332967
-0.05702534062861529,0.3901370452673626
0.018508029593885197,0.23381254656239014
-0.0022884696078249887,0.333916405989345
-0.08693424900527656,0.38089629331805636
-0.06185115424409092,0.26236178007644867
-0.03383308056451532,0.3884515033879095
-0.05174498858444107,0.37588554677857405
3.972539095580284e-05,0.16945593821644497
0.015442357988506168,0.1582626479009283
-0.0709648334932167,0.325652502194439
-0.015384555739599058,0.17559173336035358
0.06063034301411739,0.38407934389408543
0.03253305510501042,0.39201372166029635
-0.06496576633194623,0.22192549845476067
0.07822192846193927,0.31265443833381396
0.11487268225666626,0.29528375357083514
-0.11655238795958127,0.2658552177979309
-0.05620845948845896,0.322339175003276
0.0031934934904076415,0.3410511273063233
-0.02887163914216418,0.20645612297115645
-0.05442602592362952,0.17438182074516478
-0.06374755750446108,0.23577028032601394
-0.12228490050210795,0.20054525762499556
0.07915220554634636,0.25526617873466234
0.12091079787939128,0.31400979183817346
0.07985834820496486,0.3550226200252506
0.09330535149295388,0.3655345098059203
0.12884290762412176,0.2375397541832332
-0.016907737350612084,0.15337068668800968
0.10119173658673355,0.2572758984281747
0.0221022338597299,0.1710740633991866
0.0970838109492676,0.31080568655638596
-0.08256972226693568,0.39468385510110826
0.03719747960171745,0.41279229697606484
-0.04141459085017568,0.40280113360219016
-0.014758641957107618,0.42083149266717634
-0.12197428122580221,0.3605181482091874
0.016891664691047584,0.4088290636659573
-0.0431894385327774,0.385518432167135
-0.052409586998072265,0.4004423039300765
-0.07172912202038205,0.16279555958790545
0.020989112807678418,0.34608146699116693
-0.11373224038983588,0.2229815445226069
0.05097685428878607,0.3885900186765494
-0.12074056718178618,0.25452200125798075
-0.1262604759957323,0.3239070019508735
0.09013944653617677,0.28232223053518457
-0.019686073566510278,0.42406224880975146
-0.03679455056667562,0.3998485981993252
0.11023213325035727,0.2910200125352695
0.11615443725079339,0.25325512501157593
0.06041157241402896,0.19648861638561244
-0.012285000665595867,0.3113280959578428
0.04599012302949226,0.2653191942084793
0.06068061757502953,0.31990298628579306
0.004439482768218369,0.2164954812404479
0.0337444179220857,0.20328758260358207
0.07127067643544246,0.17225285778593907
0.04153576986462006,0.22275255352448184
0.04660156229804132,0.3180324208143604
-0.014143100951299873,0.16505929518522122
-0.051965980451820645,0.16708423265455785
-0.1322124032643061,0.24587686928222766
0.02335302667286753,0.325338698429796
0.048508101295539306,0.4038826301848206
-0.08867512010041982,0.40131054528107646
-0.04807559931001982,0.22513430856307154
0.03635469157916509,0.25020088387337275
-0.051598793214094,0.280227044334372
-0.059404449999373735,0.1911557629820479
0.06106581833598879,0.4009471000789528
0.027150289253679658,0.1973953315864921
0.02171486591434486,0.1853131172551963
0.014858856027248438,0.299400364369294
0.07007984768270871,0.29037139040597887
0.013807817786053814,0.169760623537428
0.10621499539522301,0.2312517171368245
-0.03812979690701755,0.2191502698217669
0.019471988445725282,0.292477656984093
0.0857522725893023,0.25400237171750173
0.11053742083484863,0.24890250237734846
0.0833224482008024,0.36739653172821496
0.08174924312850489,0.20034327705098767
0.07697513289435506,0.22821735884607808
0.12886867414682932,0.2476557806750292
-0.10440524516514792,0.3129552719855388
0.05638315253246449,0.25239242646732785
0.07052191946668472,0.19154915325872152
-0.04890006874875952,0.2637580609317028
0.008261191452809617,0.23920248142094502
-0.01035740663530776,0.19731277354375404
-0.005447435319854204,0.19374545133641902
0.10007721403692744,0.22077657526765804
0.02163455883969598,0.3742421622490619
-0.0785764450721382,0.1838807990289304
-0.08727337832998312,0.18419199305754222
0.10235776809119083,0.28857301438280314
-0.03906088031875759,0.18484411831059058
0.09316213857306416,0.33197920651207874
-0.03410737440723833,0.40086261767581466
0.019202281698506494,0.25158057506467096
0.06707919213970731,0.35803140399784705
-0.027465658988067063,0.4202385616506852
0.07632017337547878,0.23904800743940136
0.03340322241564108,0.31360870437105043
0.04132609646296212,0.24025318527786976
-0.12106828491684225,0.37495887830435976
-0.04232142127963048,0.28605713080403655
-0.13075541781170869,0.32984951686083935
0.0941146126640829,0.22754416331247165
-0.0536755177171813,0.4098729237805446
-0.010126529049974032,0.39692400237628805
0.03926487139802954,0.1767437928580417
-0.0813827277199232,0.22072351292214837
0.05437823507998826,0.19521495224747906
-0.045757638076409236,0.16508937417089414
0.038443259360497535,0.34203523937234204
0.10442027237560685,0.225357093190163
-0.0025435788437508044,0.19097239086756435
0.02799070649979284,0.1920533678557232
0.02064568211898984,0.1598659661897094
0.021692998332567427,0.3345614135724211
0.022639181318961674,0.3915923929592568
0.07742385334964658,0.21827554101329993
-0.11088282848837604,0.3664946049386462
0.1248804457834707,0.26033794884625266
0.07968717653023874,0.38181435282796666
0.06391584501269243,0.384341016082436
0.044462821710562164,0.3899928657312534
0.00887670742166172,0.4172640178927652
-0.008567421085926312,0.2163040733975311
-0.0347937378463531,0.3511100957709083
-0.07255026636985738,0.39217528043893907
0.030922844340201865,0.18198965325474287
0.03417680513600026,0.1633992627194523
-0.019525425003471496,0.3840287484337946
0.00022056424144680897,0.29440499655883423
0.1319898975096568,0.28479119736295366
-0.08249328440444512,0.37380736700312983
-0.020438860423913872,0.3414297816387149
0.034156683040659996,0.4254122491592866
0.06093845985997301,0.370860693261846
-0.1143409500449395,0.3525851623171856
-0.12666997949473638,0.3018245833126345
-0.042316634049815685,0.15350637844682605
-0.05534614714903086,0.23934521013086
-0.12259045564686022,0.2752349930848791
0.022041526828171704,0.4102563201055985
0.09037310063166192,0.3371559140567477
-0.06826841513031721,0.379453068114954
-0.12476250762738811,0.2265594539155871
0.03497361438398868,0.3044689898434581
0.03905892956084155,0.30361577456898875
-0.10471110707054206,0.19795614534915965
0.028687518809531853,0.17806699184354646
-0.026181178743149947,0.35046046665286046
0.09394798197293769,0.35079409481592544
-0.093082747955784,0.3133977563169659
0.04462753556863152,0.28186225231597567
-0.12805724274511787,0.29306330835248173
0.11845088815165364,0.3224057417722689
-0.024964571310060607,0.16477826708910867
-0.01100748674260792,0.16774103999558035
0.021989519779009484,0.15421448352849226
-0.059239068124871924,0.16531245711411738
-0.03546738516230928,0.1571917829346165
0.09819489408919567,0.38694929912666237
0.09146152581710322,0.29071778807928034
-0.04727349250045468,0.2605083795065502
-0.07175988513725419,0.17904689255446304
-0.08668709308153988,0.2735318249365494
-0.018019054262850893,0.31332909962269934
-0.08189650112328482,0.32646686729071484
0.06499975801898575,0.32715406305425865
-0.07078072092803339,0.20204190563767851
-0.029247666394024555,0.17486689256283527
0.03583839729712591,0.32675859599623347
-0.04557295165131439,0.20482675402265293
-0.008579818504172424,0.20621102711538364
0.11927149884633333,0.2478548970351222
0.1127036196759259,0.27969737719855625
-0.10672870150088905,0.2153020408561417
-0.07272159044952144,0.3492038753068342
-0.10722449224930136,0.25690800223550603
-0.12315386064306151,0.22311292844016153
-0.038098035764736735,0.19375691434995335
-0.10107662022567482,0.20412235655856256
-0.1047342054005268,0.3415322835770732
0.004771425239698012,0.2927955395654994
0.03826733140938705,0.2653185296326692
-0.07487148900723627,0.3625281439761309
-0.035711711614787006,0.17786787540871443
0.00350412083937843,0.15768671356423403
-0.10548440537599808,0.2979218091408771
0.07819306220906358,0.18782221486542816
-0.08670803247947421,0.30725646604448587
0.088447625925606,0.27061647820446433
-0.0687534517749698,0.23468916515986019
-0.010613385539505566,0.3469388352315786
0.104120889075479,0.3232262265816365
0.08964117376844694,0.2237620673160069
0.10119699311589463,0.2788052977224555
0.08614148329197753,0.3594314352495191
0.06811562161893438,0.254729529763796
-0.06947868337024742,0.17559048563501625
0.11716780035298421,0.2810481683310242
0.11405846383675136,0.3530585870113882
-0.006334535005462472,0.38903998958087604
0.052305513835693644,0.18106525019497755
-0.06815788966881954,0.4119351147405853
0.003460298530322447,0.42089449650164956
-0.07088657524654086,0.346854953832297
-0.005702305764985294,0.2524999773402264
0.0637404302462507,0.33986264433401225
-0.04941457034377947,0.35065405604678757
0.08892151483309327,0.20775219050321683
0.03171626641944397,0.40138952936530464
-0.014733401485014308,0.3501277483562847
-0.08775290551520218,0.1937009273103721
-0.028189775029191896,0.26059306423635165
-0.01592768758066605,0.2643117600995322
-0.03691219659990958,0.42227328652389523
-0.034604630990728226,0.2337793593543174
0.013645830888529257,0.18819460193519547
-0.06138268189863486,0.183563313058265
-0.13854088150578303,0.2729767428384226
0.004263779278891693,0.36249787292436336
0.02111473177000467,0.3817556023697626
-0.08265620292836243,0.1989004325417074
0.01078293957882533,0.2683215416518051
0.10032302178227134,0.35285512375681444
-0.1262205851652308,0.24470492366191854
0.07579060512457612,0.2706944620689788
-0.05709646246884708,0.3136241231677262
0.008244767683314223,0.34952586411428277
-0.10471868884358652,0.28178589700674284
0.012271578536790896,0.2760173637640677
-0.027643294606728947,0.24146236103857754
-0.06804701570827736,0.3841971569723528
0.01413846719572322,0.38967786092393875
0.07962448656893373,0.4079088710691455
0.0908531369705467,0.2984951562167953
0.004897818835946747,0.2065280933524085
0.09464403221854124,0.3169575402967449
0.10325181516161694,0.30302443279990277
-0.101663331510542,0.3463019424962405
0.08336199662382597,0.2433137673838687
-0.05046462013078579,0.32324922504812653
0.00895563051285856,0.33340159917369505
-0.0480453343653083,0.3171264936715281
-0.038235973107338526,0.39754233481440404
-0.06574539322915134,0.3608916455930921
0.016319814331342462,0.16194444027077826
0.09055957889615081,0.2297975623722545
0.05577130701488481,0.2907242330283116
0.055706982840098694,0.31808672028703
0.0398219235060275,0.3730484585056887
-0.013202908574695508,0.41607612160003427
0.0880918712464784,0.4075380799667665
0.05970632771188529,0.250196678678849
-0.0016972868099696403,0.21572489507404638
0.08899335885165159,0.288531611666098
0.14624390242923263,0.23568270781670228
0.06544816430978982,0.19736688362099986
0.14324290196702125,0.23693447394457123
0.11083521948043283,0.3529575453662523
-0.011722278617998507,0.22367661970205124
-0.10339069204462933,0.3444489693768256
-0.06863435563537666,0.35637912274141315
-0.04289096293346972,0.3802949854791164
-0.10022757238498169,0.26725398049330373
-0.010659992603945088,0.3006929609660967
0.003379281346331455,0.38468489860338284
0.055702543424680534,0.3170747687257698
0.0485532258597387,0.22443581174421237
0.118703866879721,0.22995815245705806
-0.017819435527146377,0.36302109728793364
-0.003803759191871803,0.312899501646489
-0.006468038049526379,0.34501277589977514
0.0314113675340796,0.29119254806197903
-0.023030349778493733,0.32597090848671617
-0.036987003563598485,0.39665355947298137
